이름,학교,학년,전화번호,이메일,지역(영문),지역(한글),접수유형,입금상태,참가비,신청일
조소율,대원외고등학교,3,010-9061-9056,,Seoul,서울특별시,individual,confirmed,20000,2026-02-08
송현우,경기고등학교,1,010-9923-5898,,Seoul,서울특별시,group,confirmed,20000,2026-02-01
안도윤,경기고등학교,3,010-2677-1034,student3@example.com,Seoul,서울특별시,individual,confirmed,20000,2026-02-04
오예준,숙명여고등학교,1,010-6620-5888,,Seoul,서울특별시,group,pending,20000,2026-02-09
정하준,숙명여고등학교,1,010-1240-8248,student5@example.com,Seoul,서울특별시,individual,confirmed,20000,2026-02-06
정서윤,대원외고등학교,2,010-2299-3628,student6@example.com,Seoul,서울특별시,individual,pending,20000,2026-02-01
서지훈,세화고등학교,3,010-7333-1938,,Seoul,서울특별시,individual,pending,20000,2026-02-14
장지한,세화고등학교,3,010-6362-1000,student8@example.com,Seoul,서울특별시,group,pending,20000,2026-02-20
강서윤,서울고등학교,2,010-3106-7001,student9@example.com,Seoul,서울특별시,group,confirmed,20000,2026-02-05
서하은,서울고등학교,3,010-5262-7197,student10@example.com,Seoul,서울특별시,group,pending,20000,2026-02-02
서수빈,서울고등학교,3,010-1951-5734,,Seoul,서울특별시,group,confirmed,20000,2026-02-04
장소율,경기고등학교,1,010-5517-6202,student12@example.com,Seoul,서울특별시,individual,confirmed,20000,2026-02-09
류수아,한성고등학교,1,010-4400-5755,student13@example.com,Seoul,서울특별시,individual,confirmed,20000,2026-02-08
이도윤,한성고등학교,1,010-4719-3638,,Seoul,서울특별시,individual,confirmed,20000,2026-02-14
한지민,대원외고등학교,2,010-8708-7189,,Seoul,서울특별시,group,confirmed,20000,2026-02-09
홍지훈,중동고등학교,1,010-1343-7642,,Seoul,서울특별시,individual,pending,20000,2026-02-08
김주원,중동고등학교,2,010-1463-4096,student17@example.com,Seoul,서울특별시,individual,confirmed,20000,2026-02-13
김준서,세화고등학교,1,010-6201-4641,,Seoul,서울특별시,individual,confirmed,20000,2026-02-12
임지민,세화고등학교,1,010-1575-8452,student19@example.com,Seoul,서울특별시,individual,confirmed,20000,2026-02-18
임수아,서울고등학교,1,010-4416-3699,,Seoul,서울특별시,individual,pending,20000,2026-02-17
권수빈,서울고등학교,2,010-2388-2673,student21@example.com,Seoul,서울특별시,group,confirmed,20000,2026-02-07
이지한,서울고등학교,3,010-5839-8226,,Seoul,서울특별시,group,confirmed,20000,2026-02-12
류소율,경기고등학교,3,010-8396-1270,student23@example.com,Seoul,서울특별시,individual,confirmed,20000,2026-02-13
류태윤,서울고등학교,1,010-9571-2095,student24@example.com,Seoul,서울특별시,individual,pending,20000,2026-02-17
권지한,한성고등학교,1,010-8829-8902,,Seoul,서울특별시,group,confirmed,20000,2026-02-07
이하은,중동고등학교,1,010-6900-3666,,Seoul,서울특별시,individual,pending,20000,2026-02-03
류수빈,세화고등학교,3,010-5112-4117,student27@example.com,Seoul,서울특별시,individual,pending,20000,2026-02-18
정민준,서울고등학교,3,010-9918-1026,,Seoul,서울특별시,individual,confirmed,20000,2026-02-01
임예은,경기고등학교,1,010-9708-5016,student29@example.com,Seoul,서울특별시,individual,pending,20000,2026-02-19
조주원,대원외고등학교,2,010-2587-5679,student30@example.com,Seoul,서울특별시,group,pending,20000,2026-02-01
조지한,세화고등학교,2,010-7290-1534,,Seoul,서울특별시,group,confirmed,20000,2026-02-11
황서윤,한성고등학교,3,010-7397-3802,,Seoul,서울특별시,individual,pending,20000,2026-02-02
이태윤,경기고등학교,1,010-9779-6006,,Seoul,서울특별시,individual,confirmed,20000,2026-02-12
김태윤,경기고등학교,2,010-6195-9870,,Seoul,서울특별시,group,pending,20000,2026-02-03
장지한,세화고등학교,2,010-4024-8705,student35@example.com,Seoul,서울특별시,individual,pending,20000,2026-02-09
홍서연,대원외고등학교,3,010-6311-2556,student36@example.com,Seoul,서울특별시,individual,confirmed,20000,2026-02-20
정도윤,숙명여고등학교,2,010-7778-7413,,Seoul,서울특별시,individual,confirmed,20000,2026-02-15
송채원,숙명여고등학교,3,010-3258-6142,,Seoul,서울특별시,individual,confirmed,20000,2026-02-09
강지민,숙명여고등학교,2,010-9809-3226,,Seoul,서울특별시,group,confirmed,20000,2026-02-08
서채원,숙명여고등학교,1,010-2865-7519,student40@example.com,Seoul,서울특별시,individual,confirmed,20000,2026-02-05
류현우,경기고등학교,3,010-6241-6351,student41@example.com,Seoul,서울특별시,group,confirmed,20000,2026-02-19
박예은,대원외고등학교,2,010-3492-7138,student42@example.com,Seoul,서울특별시,individual,confirmed,20000,2026-02-10
홍지훈,경기고등학교,2,010-6546-9920,student43@example.com,Seoul,서울특별시,individual,confirmed,20000,2026-02-11
임지우,경기고등학교,3,010-2110-1021,student44@example.com,Seoul,서울특별시,group,confirmed,20000,2026-02-15
황예은,세화고등학교,3,010-8521-9240,,Seoul,서울특별시,group,confirmed,20000,2026-02-02
강지호,대원외고등학교,3,010-5362-7010,student46@example.com,Seoul,서울특별시,individual,confirmed,20000,2026-02-10
임예준,경기고등학교,1,010-1588-7112,student47@example.com,Seoul,서울특별시,individual,pending,20000,2026-02-14
이준서,중동고등학교,3,010-5384-6637,student48@example.com,Seoul,서울특별시,individual,confirmed,20000,2026-02-19
권주원,대원외고등학교,1,010-3294-7132,student49@example.com,Seoul,서울특별시,individual,confirmed,20000,2026-02-20
최시우,중동고등학교,3,010-3382-6272,,Seoul,서울특별시,group,confirmed,20000,2026-02-18
정지호,서울고등학교,1,010-3146-4191,student51@example.com,Seoul,서울특별시,individual,pending,20000,2026-02-15
강시우,서울고등학교,3,010-9001-5820,,Seoul,서울특별시,group,pending,20000,2026-02-15
윤예준,중동고등학교,3,010-7878-7387,,Seoul,서울특별시,individual,confirmed,20000,2026-02-13
임유진,중동고등학교,1,010-7764-5303,,Seoul,서울특별시,individual,confirmed,20000,2026-02-06
안시우,중동고등학교,3,010-7390-6954,,Seoul,서울특별시,individual,pending,20000,2026-02-10
조예준,중동고등학교,3,010-2441-4631,,Seoul,서울특별시,individual,confirmed,20000,2026-02-19
강하준,경기고등학교,1,010-2453-9463,,Seoul,서울특별시,individual,confirmed,20000,2026-02-12
송지한,경기고등학교,3,010-6880-1728,student58@example.com,Seoul,서울특별시,group,pending,20000,2026-02-09
신지민,중동고등학교,2,010-8579-4041,,Seoul,서울특별시,individual,confirmed,20000,2026-02-08
김태윤,세화고등학교,1,010-2372-9473,,Seoul,서울특별시,individual,pending,20000,2026-02-04
윤소율,한성고등학교,2,010-8981-5172,,Seoul,서울특별시,individual,pending,20000,2026-02-03
장주원,한성고등학교,1,010-7918-2848,student62@example.com,Seoul,서울특별시,individual,pending,20000,2026-02-06
이채원,대원외고등학교,2,010-9966-2902,,Seoul,서울특별시,individual,confirmed,20000,2026-02-20
최수빈,세화고등학교,3,010-7985-9052,student64@example.com,Seoul,서울특별시,group,confirmed,20000,2026-02-20
김준서,세화고등학교,2,010-1319-7086,,Seoul,서울특별시,group,confirmed,20000,2026-02-07
안민준,대원외고등학교,1,010-2794-7431,student66@example.com,Seoul,서울특별시,individual,pending,20000,2026-02-19
박수아,세화고등학교,3,010-5547-3538,,Seoul,서울특별시,group,pending,20000,2026-02-01
신시우,세화고등학교,2,010-7962-8163,,Seoul,서울특별시,individual,pending,20000,2026-02-11
홍현우,숙명여고등학교,3,010-8953-6902,student69@example.com,Seoul,서울특별시,group,confirmed,20000,2026-02-20
이지한,숙명여고등학교,2,010-9915-5660,,Seoul,서울특별시,group,confirmed,20000,2026-02-07
홍예준,세화고등학교,1,010-2001-1437,student71@example.com,Seoul,서울특별시,individual,pending,20000,2026-02-01
안유진,세화고등학교,3,010-9686-3791,,Seoul,서울특별시,group,pending,20000,2026-02-09
임채원,부일외고등학교,1,010-5185-1477,student73@example.com,Busan,부산광역시,individual,pending,20000,2026-02-13
오하은,부산고등학교,1,010-7844-4012,,Busan,부산광역시,individual,pending,20000,2026-02-10
류소율,동래고등학교,2,010-4040-7474,,Busan,부산광역시,individual,confirmed,20000,2026-02-18
한예준,해운대고등학교,1,010-3763-8544,student76@example.com,Busan,부산광역시,group,confirmed,20000,2026-02-11
강예은,부산고등학교,1,010-1039-8752,,Busan,부산광역시,individual,pending,20000,2026-02-05
오지우,부일외고등학교,2,010-1773-2607,,Busan,부산광역시,individual,pending,20000,2026-02-12
김채원,동래고등학교,3,010-7481-2146,student79@example.com,Busan,부산광역시,individual,confirmed,20000,2026-02-03
홍지한,해운대고등학교,1,010-2646-4636,student80@example.com,Busan,부산광역시,individual,pending,20000,2026-02-09
서서연,부산고등학교,1,010-3630-7307,student81@example.com,Busan,부산광역시,individual,pending,20000,2026-02-13
류지훈,부산고등학교,2,010-9818-1337,,Busan,부산광역시,individual,pending,20000,2026-02-17
장지우,부산고등학교,3,010-9754-8928,,Busan,부산광역시,individual,confirmed,20000,2026-02-15
최지민,부산고등학교,1,010-5108-4528,,Busan,부산광역시,individual,confirmed,20000,2026-02-12
윤민준,동래고등학교,2,010-1458-8337,,Busan,부산광역시,group,confirmed,20000,2026-02-04
송지호,해운대고등학교,1,010-9263-1020,,Busan,부산광역시,individual,confirmed,20000,2026-02-14
윤유진,해운대고등학교,2,010-4090-2314,student87@example.com,Busan,부산광역시,group,pending,20000,2026-02-01
한하준,해운대고등학교,2,010-7884-7609,student88@example.com,Busan,부산광역시,individual,pending,20000,2026-02-07
임서윤,해운대고등학교,2,010-4212-9634,student89@example.com,Busan,부산광역시,individual,confirmed,20000,2026-02-18
김도윤,부산고등학교,3,010-4702-9931,,Busan,부산광역시,individual,pending,20000,2026-02-04
류유진,부산고등학교,1,010-8535-2103,student91@example.com,Busan,부산광역시,individual,confirmed,20000,2026-02-07
홍수아,부일외고등학교,2,010-2693-6001,,Busan,부산광역시,individual,confirmed,20000,2026-02-12
권민준,동래고등학교,1,010-4905-2790,student93@example.com,Busan,부산광역시,group,confirmed,20000,2026-02-04
이서윤,부산고등학교,2,010-5484-7492,student94@example.com,Busan,부산광역시,individual,pending,20000,2026-02-13
홍유진,해운대고등학교,2,010-5445-7288,student95@example.com,Busan,부산광역시,group,confirmed,20000,2026-02-20
임지민,해운대고등학교,2,010-8123-1540,,Busan,부산광역시,individual,confirmed,20000,2026-02-12
송도윤,동래고등학교,3,010-7640-1273,student97@example.com,Busan,부산광역시,individual,pending,20000,2026-02-13
임승현,동래고등학교,3,010-9420-2931,student98@example.com,Busan,부산광역시,individual,confirmed,20000,2026-02-16
조현우,해운대고등학교,3,010-6477-4982,,Busan,부산광역시,individual,confirmed,20000,2026-02-13
홍도윤,부일외고등학교,2,010-3489-3212,,Busan,부산광역시,individual,confirmed,20000,2026-02-02
송지호,대구고등학교,3,010-9326-8853,student101@example.com,Daegu,대구광역시,individual,pending,20000,2026-02-15
황서윤,대구고등학교,3,010-7628-5653,,Daegu,대구광역시,individual,confirmed,20000,2026-02-19
서현우,대구고등학교,1,010-7703-4832,,Daegu,대구광역시,group,pending,20000,2026-02-16
송주원,대구고등학교,1,010-4026-5870,student104@example.com,Daegu,대구광역시,group,confirmed,20000,2026-02-19
서건우,대구고등학교,1,010-8656-9418,student105@example.com,Daegu,대구광역시,individual,pending,20000,2026-02-16
장하준,대구고등학교,3,010-8606-3138,student106@example.com,Daegu,대구광역시,individual,pending,20000,2026-02-04
황지우,대구고등학교,3,010-6497-2221,student107@example.com,Daegu,대구광역시,group,pending,20000,2026-02-06
황예은,대건고등학교,3,010-9176-5489,,Daegu,대구광역시,individual,pending,20000,2026-02-16
최시우,경북고등학교,2,010-6316-7212,,Daegu,대구광역시,group,confirmed,20000,2026-02-15
송예준,대구고등학교,2,010-3003-5176,,Daegu,대구광역시,group,pending,20000,2026-02-12
강지우,대구고등학교,1,010-5179-5836,,Daegu,대구광역시,group,confirmed,20000,2026-02-05
정수아,대구고등학교,1,010-6646-1948,,Daegu,대구광역시,group,confirmed,20000,2026-02-05
황하준,대건고등학교,3,010-3071-6374,student113@example.com,Daegu,대구광역시,individual,pending,20000,2026-02-01
신현우,대구고등학교,2,010-1279-1199,student114@example.com,Daegu,대구광역시,individual,confirmed,20000,2026-02-15
류서윤,대구고등학교,3,010-3547-5962,,Daegu,대구광역시,group,confirmed,20000,2026-02-02
이준서,대건고등학교,3,010-2581-5958,,Daegu,대구광역시,group,confirmed,20000,2026-02-02
윤서연,대구고등학교,2,010-4151-5013,,Daegu,대구광역시,individual,pending,20000,2026-02-02
장지민,경북고등학교,1,010-8044-3873,,Daegu,대구광역시,individual,pending,20000,2026-02-03
김서연,대구고등학교,2,010-1182-7047,student119@example.com,Daegu,대구광역시,individual,confirmed,20000,2026-02-18
윤도윤,대건고등학교,2,010-4645-6680,student120@example.com,Daegu,대구광역시,group,confirmed,20000,2026-02-02
강준서,대건고등학교,1,010-6282-1856,student121@example.com,Daegu,대구광역시,individual,confirmed,20000,2026-02-04
장하은,대구고등학교,3,010-9121-8327,student122@example.com,Daegu,대구광역시,group,confirmed,20000,2026-02-04
이서연,인천외고등학교,2,010-6966-1944,student123@example.com,Incheon,인천광역시,group,confirmed,20000,2026-02-09
윤서연,제물포고등학교,2,010-5299-2865,student124@example.com,Incheon,인천광역시,individual,confirmed,20000,2026-02-01
서지한,인천외고등학교,3,010-8290-6505,,Incheon,인천광역시,individual,pending,20000,2026-02-14
강현우,제물포고등학교,1,010-6387-6184,,Incheon,인천광역시,individual,confirmed,20000,2026-02-07
한예준,인천외고등학교,2,010-8225-8333,,Incheon,인천광역시,individual,confirmed,20000,2026-02-10
조지우,인천외고등학교,3,010-4201-1978,student128@example.com,Incheon,인천광역시,individual,pending,20000,2026-02-14
정시우,인천외고등학교,2,010-9674-5840,student129@example.com,Incheon,인천광역시,group,confirmed,20000,2026-02-18
최민준,제물포고등학교,2,010-4737-5710,student130@example.com,Incheon,인천광역시,individual,confirmed,20000,2026-02-13
윤하은,인천외고등학교,3,010-6212-3065,,Incheon,인천광역시,individual,pending,20000,2026-02-16
안서연,인천고등학교,1,010-3294-1072,,Incheon,인천광역시,individual,confirmed,20000,2026-02-10
박건우,인천고등학교,2,010-7425-9561,student133@example.com,Incheon,인천광역시,individual,confirmed,20000,2026-02-07
권승현,인천고등학교,1,010-4712-9848,student134@example.com,Incheon,인천광역시,group,confirmed,20000,2026-02-18
조채원,인천외고등학교,2,010-5773-9671,,Incheon,인천광역시,group,confirmed,20000,2026-02-15
정채원,제물포고등학교,2,010-8292-9978,student136@example.com,Incheon,인천광역시,group,confirmed,20000,2026-02-02
홍건우,인천고등학교,1,010-1273-8035,,Incheon,인천광역시,group,confirmed,20000,2026-02-20
강지한,인천외고등학교,3,010-1577-7728,,Incheon,인천광역시,individual,pending,20000,2026-02-11
김건우,인천고등학교,2,010-9803-1078,,Incheon,인천광역시,individual,confirmed,20000,2026-02-11
한서연,인천고등학교,2,010-5203-9288,,Incheon,인천광역시,group,confirmed,20000,2026-02-08
최지민,인천고등학교,1,010-5826-9656,,Incheon,인천광역시,individual,confirmed,20000,2026-02-04
김예준,인천외고등학교,2,010-7059-1214,,Incheon,인천광역시,individual,confirmed,20000,2026-02-09
신건우,숭덕고등학교,3,010-1813-1935,,Gwangju,광주광역시,group,confirmed,20000,2026-02-18
류준서,전남고등학교,3,010-1202-7202,,Gwangju,광주광역시,individual,confirmed,20000,2026-02-08
신승현,전남고등학교,1,010-8927-1002,,Gwangju,광주광역시,individual,confirmed,20000,2026-02-14
서유진,전남고등학교,3,010-2522-7200,student146@example.com,Gwangju,광주광역시,group,confirmed,20000,2026-02-15
서예은,숭덕고등학교,2,010-8107-8584,,Gwangju,광주광역시,individual,confirmed,20000,2026-02-19
오태윤,숭덕고등학교,2,010-7220-4570,student148@example.com,Gwangju,광주광역시,group,confirmed,20000,2026-02-08
오수빈,숭덕고등학교,2,010-3139-1259,student149@example.com,Gwangju,광주광역시,group,pending,20000,2026-02-17
이지민,전남고등학교,3,010-8727-1376,student150@example.com,Gwangju,광주광역시,individual,confirmed,20000,2026-02-05
박승현,전남고등학교,2,010-5899-2365,student151@example.com,Gwangju,광주광역시,group,confirmed,20000,2026-02-19
류승현,전남고등학교,1,010-4698-1087,,Gwangju,광주광역시,group,confirmed,20000,2026-02-12
오준서,광주일고등학교,2,010-2109-4556,student153@example.com,Gwangju,광주광역시,group,confirmed,20000,2026-02-19
윤건우,전남고등학교,1,010-1102-3463,,Gwangju,광주광역시,group,confirmed,20000,2026-02-17
김주원,광주일고등학교,2,010-3039-6162,,Gwangju,광주광역시,group,confirmed,20000,2026-02-20
서예은,전남고등학교,1,010-6508-6658,student156@example.com,Gwangju,광주광역시,group,pending,20000,2026-02-20
박주원,전남고등학교,2,010-6573-2939,,Gwangju,광주광역시,group,confirmed,20000,2026-02-20
신지훈,숭덕고등학교,3,010-2486-4873,student158@example.com,Gwangju,광주광역시,individual,confirmed,20000,2026-02-18
권채원,광주일고등학교,3,010-6366-4307,student159@example.com,Gwangju,광주광역시,individual,confirmed,20000,2026-02-08
장하은,광주일고등학교,1,010-8580-9778,student160@example.com,Gwangju,광주광역시,group,pending,20000,2026-02-03
조도윤,대전외고등학교,3,010-1303-3584,,Daejeon,대전광역시,individual,confirmed,20000,2026-02-14
류소율,대전고등학교,3,010-2340-1773,student162@example.com,Daejeon,대전광역시,individual,confirmed,20000,2026-02-16
장태윤,대전고등학교,3,010-3566-6085,,Daejeon,대전광역시,group,confirmed,20000,2026-02-12
조준서,충남고등학교,1,010-7316-3327,student164@example.com,Daejeon,대전광역시,individual,pending,20000,2026-02-14
송현우,충남고등학교,3,010-7506-4010,,Daejeon,대전광역시,individual,confirmed,20000,2026-02-11
윤건우,대전고등학교,3,010-4760-5303,,Daejeon,대전광역시,individual,pending,20000,2026-02-20
박승현,대전외고등학교,3,010-4413-1430,student167@example.com,Daejeon,대전광역시,individual,confirmed,20000,2026-02-01
최지한,충남고등학교,3,010-6202-3432,student168@example.com,Daejeon,대전광역시,individual,confirmed,20000,2026-02-12
박수빈,대전외고등학교,3,010-4697-4312,,Daejeon,대전광역시,individual,confirmed,20000,2026-02-12
임지우,대전고등학교,1,010-8004-9425,student170@example.com,Daejeon,대전광역시,individual,confirmed,20000,2026-02-03
권서윤,충남고등학교,3,010-2227-8799,student171@example.com,Daejeon,대전광역시,individual,confirmed,20000,2026-02-08
오하은,충남고등학교,3,010-7746-7058,,Daejeon,대전광역시,individual,confirmed,20000,2026-02-03
류민준,충남고등학교,2,010-8621-1640,student173@example.com,Daejeon,대전광역시,group,pending,20000,2026-02-16
오현우,대전고등학교,3,010-8941-3615,,Daejeon,대전광역시,group,pending,20000,2026-02-05
송건우,대전고등학교,1,010-7662-7836,student175@example.com,Daejeon,대전광역시,individual,pending,20000,2026-02-10
안주원,대전고등학교,1,010-3619-9987,,Daejeon,대전광역시,individual,pending,20000,2026-02-19
윤지민,울산고등학교,1,010-7706-4513,student177@example.com,Ulsan,울산광역시,individual,pending,20000,2026-02-20
박주원,학성고등학교,3,010-4097-1748,,Ulsan,울산광역시,individual,confirmed,20000,2026-02-17
송지훈,학성고등학교,1,010-6435-4997,,Ulsan,울산광역시,individual,pending,20000,2026-02-17
박지훈,울산고등학교,2,010-7712-2995,student180@example.com,Ulsan,울산광역시,group,confirmed,20000,2026-02-07
조예준,울산고등학교,1,010-7580-8083,student181@example.com,Ulsan,울산광역시,group,confirmed,20000,2026-02-05
홍지호,울산고등학교,1,010-1355-4065,,Ulsan,울산광역시,individual,confirmed,20000,2026-02-05
서예은,울산고등학교,1,010-6452-6919,,Ulsan,울산광역시,individual,confirmed,20000,2026-02-09
황수아,학성고등학교,2,010-8071-1777,student184@example.com,Ulsan,울산광역시,group,confirmed,20000,2026-02-05
최서연,두루고등학교,1,010-7565-7287,,Sejong-si,세종특별자치시,individual,confirmed,20000,2026-02-18
임지호,세종고등학교,3,010-8352-8883,,Sejong-si,세종특별자치시,group,pending,20000,2026-02-09
송주원,두루고등학교,2,010-8885-5754,student187@example.com,Sejong-si,세종특별자치시,group,pending,20000,2026-02-06
박지우,안양고등학교,1,010-5987-7365,,Gyeonggi-do,경기도,individual,confirmed,20000,2026-02-01
권서윤,과천고등학교,1,010-8917-3916,,Gyeonggi-do,경기도,individual,confirmed,20000,2026-02-19
강지호,과천고등학교,3,010-8123-8966,student190@example.com,Gyeonggi-do,경기도,group,pending,20000,2026-02-14
오지훈,성남고등학교,3,010-7252-8542,,Gyeonggi-do,경기도,individual,confirmed,20000,2026-02-05
오건우,성남고등학교,3,010-4954-8421,,Gyeonggi-do,경기도,group,pending,20000,2026-02-03
윤주원,용인외고등학교,2,010-7976-2061,student193@example.com,Gyeonggi-do,경기도,individual,confirmed,20000,2026-02-03
신지민,수원고등학교,3,010-3759-5309,student194@example.com,Gyeonggi-do,경기도,individual,confirmed,20000,2026-02-16
한지호,수원고등학교,2,010-3992-4313,,Gyeonggi-do,경기도,group,confirmed,20000,2026-02-11
서서연,과천고등학교,2,010-7502-4256,student196@example.com,Gyeonggi-do,경기도,individual,pending,20000,2026-02-03
박수아,고양고등학교,1,010-4861-9687,,Gyeonggi-do,경기도,group,pending,20000,2026-02-06
강건우,수원고등학교,3,010-8277-4725,,Gyeonggi-do,경기도,individual,confirmed,20000,2026-02-01
이소율,용인외고등학교,1,010-6133-3916,,Gyeonggi-do,경기도,group,confirmed,20000,2026-02-13
임승현,안양고등학교,1,010-7064-5611,student200@example.com,Gyeonggi-do,경기도,individual,confirmed,20000,2026-02-17
류준서,과천고등학교,1,010-4974-8310,student201@example.com,Gyeonggi-do,경기도,individual,pending,20000,2026-02-10
홍수빈,수원고등학교,1,010-2219-3534,,Gyeonggi-do,경기도,group,confirmed,20000,2026-02-06
최지한,성남고등학교,1,010-5881-9503,student203@example.com,Gyeonggi-do,경기도,group,confirmed,20000,2026-02-05
황준서,용인외고등학교,1,010-2258-6057,student204@example.com,Gyeonggi-do,경기도,individual,pending,20000,2026-02-06
신예준,용인외고등학교,3,010-9227-1173,,Gyeonggi-do,경기도,group,confirmed,20000,2026-02-07
강준서,용인외고등학교,1,010-1329-7006,,Gyeonggi-do,경기도,group,pending,20000,2026-02-15
최지호,성남고등학교,3,010-9481-8638,student207@example.com,Gyeonggi-do,경기도,individual,confirmed,20000,2026-02-16
김지한,과천고등학교,3,010-4818-8613,student208@example.com,Gyeonggi-do,경기도,individual,confirmed,20000,2026-02-19
최현우,성남고등학교,2,010-4553-6020,,Gyeonggi-do,경기도,individual,confirmed,20000,2026-02-06
임소율,수원고등학교,2,010-4883-5833,,Gyeonggi-do,경기도,group,confirmed,20000,2026-02-12
류소율,수원고등학교,3,010-6817-6136,,Gyeonggi-do,경기도,individual,pending,20000,2026-02-14
이지호,안양고등학교,2,010-8334-8293,,Gyeonggi-do,경기도,individual,pending,20000,2026-02-08
안채원,안양고등학교,3,010-3058-9813,student213@example.com,Gyeonggi-do,경기도,group,pending,20000,2026-02-16
안지한,안양고등학교,1,010-7722-1101,student214@example.com,Gyeonggi-do,경기도,individual,confirmed,20000,2026-02-14
류승현,안양고등학교,3,010-6534-4306,student215@example.com,Gyeonggi-do,경기도,group,pending,20000,2026-02-18
이유진,안양고등학교,1,010-5331-4466,student216@example.com,Gyeonggi-do,경기도,individual,confirmed,20000,2026-02-09
장지우,수원고등학교,1,010-9273-2343,,Gyeonggi-do,경기도,individual,pending,20000,2026-02-07
오민준,성남고등학교,3,010-9257-4991,student218@example.com,Gyeonggi-do,경기도,group,pending,20000,2026-02-06
장수아,고양고등학교,3,010-8606-7165,student219@example.com,Gyeonggi-do,경기도,group,pending,20000,2026-02-01
한지한,고양고등학교,1,010-2531-2820,student220@example.com,Gyeonggi-do,경기도,group,pending,20000,2026-02-20
김하준,과천고등학교,3,010-5948-9843,,Gyeonggi-do,경기도,individual,pending,20000,2026-02-07
홍건우,안양고등학교,1,010-6179-2541,student222@example.com,Gyeonggi-do,경기도,individual,confirmed,20000,2026-02-02
한예준,용인외고등학교,2,010-2821-4249,student223@example.com,Gyeonggi-do,경기도,individual,confirmed,20000,2026-02-15
정유진,성남고등학교,1,010-4357-2603,,Gyeonggi-do,경기도,group,confirmed,20000,2026-02-15
신유진,용인외고등학교,1,010-4788-8164,student225@example.com,Gyeonggi-do,경기도,individual,confirmed,20000,2026-02-07
윤민준,안양고등학교,1,010-2263-5932,student226@example.com,Gyeonggi-do,경기도,individual,confirmed,20000,2026-02-02
강유진,성남고등학교,1,010-1916-1105,student227@example.com,Gyeonggi-do,경기도,individual,confirmed,20000,2026-02-06
신지민,용인외고등학교,1,010-5763-9870,student228@example.com,Gyeonggi-do,경기도,individual,confirmed,20000,2026-02-20
한예은,용인외고등학교,1,010-8982-3692,student229@example.com,Gyeonggi-do,경기도,individual,confirmed,20000,2026-02-11
강예은,용인외고등학교,3,010-8989-5125,student230@example.com,Gyeonggi-do,경기도,individual,confirmed,20000,2026-02-20
강유진,용인외고등학교,2,010-6901-3954,,Gyeonggi-do,경기도,individual,confirmed,20000,2026-02-08
안수아,고양고등학교,1,010-1338-6702,student232@example.com,Gyeonggi-do,경기도,individual,pending,20000,2026-02-06
이예은,과천고등학교,2,010-2955-2651,student233@example.com,Gyeonggi-do,경기도,group,confirmed,20000,2026-02-13
장현우,수원고등학교,2,010-7682-2959,,Gyeonggi-do,경기도,individual,confirmed,20000,2026-02-06
임서윤,고양고등학교,1,010-9475-6702,,Gyeonggi-do,경기도,individual,confirmed,20000,2026-02-16
오유진,과천고등학교,1,010-4669-4385,,Gyeonggi-do,경기도,individual,confirmed,20000,2026-02-08
조준서,성남고등학교,3,010-7701-2620,,Gyeonggi-do,경기도,individual,confirmed,20000,2026-02-18
최채원,안양고등학교,3,010-8949-9122,student238@example.com,Gyeonggi-do,경기도,individual,pending,20000,2026-02-07
류시우,용인외고등학교,3,010-8071-4509,,Gyeonggi-do,경기도,individual,pending,20000,2026-02-01
오수빈,용인외고등학교,3,010-8047-4572,student240@example.com,Gyeonggi-do,경기도,individual,confirmed,20000,2026-02-07
송채원,수원고등학교,1,010-5615-7210,,Gyeonggi-do,경기도,individual,confirmed,20000,2026-02-16
윤태윤,수원고등학교,1,010-4287-6789,student242@example.com,Gyeonggi-do,경기도,individual,confirmed,20000,2026-02-13
박승현,수원고등학교,3,010-4292-7552,,Gyeonggi-do,경기도,group,confirmed,20000,2026-02-13
신채원,안양고등학교,2,010-5130-5408,,Gyeonggi-do,경기도,individual,pending,20000,2026-02-11
최하준,용인외고등학교,3,010-4407-5557,student245@example.com,Gyeonggi-do,경기도,individual,confirmed,20000,2026-02-05
정현우,과천고등학교,1,010-9095-4482,,Gyeonggi-do,경기도,individual,confirmed,20000,2026-02-06
이서연,수원고등학교,3,010-7298-8423,,Gyeonggi-do,경기도,individual,confirmed,20000,2026-02-01
오주원,수원고등학교,3,010-2996-8868,student248@example.com,Gyeonggi-do,경기도,group,confirmed,20000,2026-02-06
홍지훈,수원고등학교,1,010-7250-7206,,Gyeonggi-do,경기도,individual,confirmed,20000,2026-02-10
조유진,수원고등학교,2,010-3217-3399,student250@example.com,Gyeonggi-do,경기도,individual,pending,20000,2026-02-12
최승현,과천고등학교,3,010-4654-8419,,Gyeonggi-do,경기도,group,pending,20000,2026-02-06
서하준,수원고등학교,2,010-6100-1803,,Gyeonggi-do,경기도,individual,confirmed,20000,2026-02-15
강현우,충북고등학교,1,010-3194-8683,student253@example.com,Chungcheongbuk-do,충청북도,individual,confirmed,20000,2026-02-18
김예은,충북고등학교,1,010-8115-8223,,Chungcheongbuk-do,충청북도,group,pending,20000,2026-02-03
김준서,충북고등학교,1,010-3722-2578,,Chungcheongbuk-do,충청북도,group,pending,20000,2026-02-18
강유진,세광고등학교,1,010-5766-9510,student256@example.com,Chungcheongbuk-do,충청북도,group,confirmed,20000,2026-02-16
오지우,세광고등학교,3,010-3587-6109,,Chungcheongbuk-do,충청북도,group,pending,20000,2026-02-08
서하은,세광고등학교,3,010-8733-3169,,Chungcheongbuk-do,충청북도,group,confirmed,20000,2026-02-02
황소율,청주고등학교,3,010-5712-3905,student259@example.com,Chungcheongbuk-do,충청북도,individual,pending,20000,2026-02-14
장예준,세광고등학교,3,010-9985-5418,student260@example.com,Chungcheongbuk-do,충청북도,group,pending,20000,2026-02-10
김민준,충북고등학교,1,010-6617-7886,student261@example.com,Chungcheongbuk-do,충청북도,individual,confirmed,20000,2026-02-19
이현우,세광고등학교,1,010-5435-8974,student262@example.com,Chungcheongbuk-do,충청북도,group,confirmed,20000,2026-02-08
안시우,온양고등학교,3,010-4374-5304,,Chungcheongnam-do,충청남도,individual,confirmed,20000,2026-02-08
조지우,천안고등학교,1,010-8117-1913,,Chungcheongnam-do,충청남도,individual,pending,20000,2026-02-01
김지민,온양고등학교,2,010-4689-9889,student265@example.com,Chungcheongnam-do,충청남도,individual,confirmed,20000,2026-02-08
홍수빈,온양고등학교,1,010-3742-7302,,Chungcheongnam-do,충청남도,group,confirmed,20000,2026-02-13
이도윤,천안고등학교,3,010-9626-1944,,Chungcheongnam-do,충청남도,individual,pending,20000,2026-02-11
김지민,공주고등학교,3,010-6589-4773,student268@example.com,Chungcheongnam-do,충청남도,individual,pending,20000,2026-02-15
안예은,공주고등학교,2,010-5441-9733,student269@example.com,Chungcheongnam-do,충청남도,individual,confirmed,20000,2026-02-03
윤하은,공주고등학교,1,010-4780-9475,,Chungcheongnam-do,충청남도,individual,confirmed,20000,2026-02-08
황도윤,천안고등학교,1,010-1119-3594,,Chungcheongnam-do,충청남도,individual,pending,20000,2026-02-02
오수빈,온양고등학교,3,010-9546-2191,,Chungcheongnam-do,충청남도,individual,confirmed,20000,2026-02-12
조현우,온양고등학교,2,010-4858-5784,student273@example.com,Chungcheongnam-do,충청남도,individual,pending,20000,2026-02-13
박수아,공주고등학교,1,010-2842-9362,,Chungcheongnam-do,충청남도,group,pending,20000,2026-02-18
송서연,군산고등학교,1,010-3486-4377,,Jeollabuk-do,전북특별자치도,individual,confirmed,20000,2026-02-14
임현우,이리고등학교,3,010-5312-3602,student276@example.com,Jeollabuk-do,전북특별자치도,individual,pending,20000,2026-02-09
김도윤,이리고등학교,2,010-2866-6338,student277@example.com,Jeollabuk-do,전북특별자치도,individual,pending,20000,2026-02-06
강태윤,전주고등학교,1,010-9596-3104,,Jeollabuk-do,전북특별자치도,individual,confirmed,20000,2026-02-15
권수아,전주고등학교,2,010-3136-1424,,Jeollabuk-do,전북특별자치도,group,pending,20000,2026-02-09
박예은,군산고등학교,1,010-8727-7042,student280@example.com,Jeollabuk-do,전북특별자치도,group,confirmed,20000,2026-02-03
홍예준,군산고등학교,1,010-1278-9959,,Jeollabuk-do,전북특별자치도,group,confirmed,20000,2026-02-02
정지훈,전주고등학교,3,010-3033-9442,,Jeollabuk-do,전북특별자치도,individual,confirmed,20000,2026-02-03
박시우,전주고등학교,1,010-2551-8220,,Jeollabuk-do,전북특별자치도,individual,pending,20000,2026-02-16
조하준,전주고등학교,3,010-7094-6100,student284@example.com,Jeollabuk-do,전북특별자치도,group,pending,20000,2026-02-06
류지한,군산고등학교,1,010-7493-7151,student285@example.com,Jeollabuk-do,전북특별자치도,individual,confirmed,20000,2026-02-19
조예은,순천고등학교,1,010-6262-7729,student286@example.com,Jellanam-do,전라남도,group,pending,20000,2026-02-02
서지훈,목포고등학교,2,010-2701-1305,student287@example.com,Jellanam-do,전라남도,individual,confirmed,20000,2026-02-09
윤수아,여수고등학교,2,010-7005-7047,student288@example.com,Jellanam-do,전라남도,individual,confirmed,20000,2026-02-01
정지훈,순천고등학교,2,010-7520-8252,student289@example.com,Jellanam-do,전라남도,individual,pending,20000,2026-02-19
임하은,여수고등학교,1,010-2537-2916,,Jellanam-do,전라남도,individual,confirmed,20000,2026-02-15
임도윤,여수고등학교,2,010-7302-3925,,Jellanam-do,전라남도,individual,confirmed,20000,2026-02-04
한주원,목포고등학교,3,010-7260-4317,student292@example.com,Jellanam-do,전라남도,group,confirmed,20000,2026-02-14
강서연,순천고등학교,3,010-6852-1083,,Jellanam-do,전라남도,individual,pending,20000,2026-02-04
김서윤,순천고등학교,1,010-4265-4107,student294@example.com,Jellanam-do,전라남도,individual,confirmed,20000,2026-02-17
김채원,여수고등학교,1,010-4941-9166,student295@example.com,Jellanam-do,전라남도,group,confirmed,20000,2026-02-20
강현우,안동고등학교,3,010-8333-2335,student296@example.com,Gyeongsangbuk-do,경상북도,group,confirmed,20000,2026-02-14
송시우,포항고등학교,2,010-7833-5528,,Gyeongsangbuk-do,경상북도,individual,confirmed,20000,2026-02-14
안예은,안동고등학교,1,010-4547-5427,student298@example.com,Gyeongsangbuk-do,경상북도,individual,pending,20000,2026-02-02
정수빈,포항고등학교,3,010-6542-4324,student299@example.com,Gyeongsangbuk-do,경상북도,group,pending,20000,2026-02-17
최하은,안동고등학교,1,010-3552-4060,student300@example.com,Gyeongsangbuk-do,경상북도,group,confirmed,20000,2026-02-03
류시우,안동고등학교,2,010-6612-8910,,Gyeongsangbuk-do,경상북도,individual,pending,20000,2026-02-02
신현우,경주고등학교,2,010-5033-7051,student302@example.com,Gyeongsangbuk-do,경상북도,individual,confirmed,20000,2026-02-18
황지훈,안동고등학교,1,010-7374-5716,student303@example.com,Gyeongsangbuk-do,경상북도,individual,confirmed,20000,2026-02-06
안현우,안동고등학교,2,010-9793-6256,student304@example.com,Gyeongsangbuk-do,경상북도,group,confirmed,20000,2026-02-17
장민준,경주고등학교,3,010-4853-2147,,Gyeongsangbuk-do,경상북도,individual,confirmed,20000,2026-02-01
홍지민,안동고등학교,1,010-4630-8100,student306@example.com,Gyeongsangbuk-do,경상북도,group,pending,20000,2026-02-19
권예은,포항고등학교,1,010-2942-7676,student307@example.com,Gyeongsangbuk-do,경상북도,group,confirmed,20000,2026-02-07
박서연,포항고등학교,2,010-7963-2022,student308@example.com,Gyeongsangbuk-do,경상북도,individual,confirmed,20000,2026-02-04
임예은,포항고등학교,3,010-8403-5191,,Gyeongsangbuk-do,경상북도,individual,confirmed,20000,2026-02-02
임예준,마산고등학교,1,010-1090-5993,student310@example.com,Gyeongsangnam-do,경상남도,group,confirmed,20000,2026-02-03
한승현,진주고등학교,2,010-7604-7426,student311@example.com,Gyeongsangnam-do,경상남도,group,confirmed,20000,2026-02-09
박민준,마산고등학교,3,010-8970-6966,student312@example.com,Gyeongsangnam-do,경상남도,individual,confirmed,20000,2026-02-07
신예은,진주고등학교,1,010-5969-1006,student313@example.com,Gyeongsangnam-do,경상남도,individual,pending,20000,2026-02-11
이민준,창원고등학교,2,010-1615-6710,,Gyeongsangnam-do,경상남도,individual,confirmed,20000,2026-02-12
정건우,마산고등학교,1,010-2012-6560,,Gyeongsangnam-do,경상남도,group,confirmed,20000,2026-02-14
조서연,창원고등학교,1,010-3399-9446,student316@example.com,Gyeongsangnam-do,경상남도,individual,confirmed,20000,2026-02-13
김건우,창원고등학교,3,010-2022-2990,,Gyeongsangnam-do,경상남도,group,pending,20000,2026-02-08
한예준,진주고등학교,3,010-4725-4916,,Gyeongsangnam-do,경상남도,individual,confirmed,20000,2026-02-16
황시우,진주고등학교,3,010-9934-9380,student319@example.com,Gyeongsangnam-do,경상남도,group,confirmed,20000,2026-02-16
정지호,진주고등학교,1,010-4001-8356,,Gyeongsangnam-do,경상남도,individual,pending,20000,2026-02-14
신현우,창원고등학교,1,010-6141-3687,,Gyeongsangnam-do,경상남도,group,confirmed,20000,2026-02-02
서건우,진주고등학교,2,010-4239-7298,,Gyeongsangnam-do,경상남도,individual,confirmed,20000,2026-02-11
박준서,마산고등학교,1,010-6019-3575,,Gyeongsangnam-do,경상남도,individual,pending,20000,2026-02-05
송주원,진주고등학교,2,010-2241-5247,,Gyeongsangnam-do,경상남도,group,confirmed,20000,2026-02-17
최지민,제주고등학교,3,010-5661-4515,student325@example.com,Jeju-do,제주특별자치도,individual,confirmed,20000,2026-02-17
안수아,제주고등학교,1,010-9049-5046,student326@example.com,Jeju-do,제주특별자치도,individual,confirmed,20000,2026-02-10
임하준,제주고등학교,1,010-1633-5465,,Jeju-do,제주특별자치도,group,confirmed,20000,2026-02-15
오태윤,서귀포고등학교,3,010-5760-5733,,Jeju-do,제주특별자치도,individual,pending,20000,2026-02-03
이서연,서귀포고등학교,2,010-5453-3570,student329@example.com,Jeju-do,제주특별자치도,group,pending,20000,2026-02-13
안준서,원주고등학교,3,010-6251-1282,,Gangwon-do,강원특별자치도,individual,confirmed,20000,2026-02-12
권태윤,춘천고등학교,1,010-3852-3576,,Gangwon-do,강원특별자치도,individual,confirmed,20000,2026-02-05
임하은,원주고등학교,3,010-4788-4466,student332@example.com,Gangwon-do,강원특별자치도,group,pending,20000,2026-02-06
황예준,원주고등학교,3,010-4301-3149,student333@example.com,Gangwon-do,강원특별자치도,individual,confirmed,20000,2026-02-03
송도윤,강릉고등학교,2,010-5225-9136,,Gangwon-do,강원특별자치도,group,confirmed,20000,2026-02-03
오하은,춘천고등학교,3,010-8459-4117,,Gangwon-do,강원특별자치도,group,pending,20000,2026-02-06
서도윤,춘천고등학교,1,010-1679-8726,,Gangwon-do,강원특별자치도,group,confirmed,20000,2026-02-09
황서윤,원주고등학교,2,010-8854-1307,student337@example.com,Gangwon-do,강원특별자치도,group,confirmed,20000,2026-02-20
한지한,춘천고등학교,3,010-9608-9248,,Gangwon-do,강원특별자치도,individual,pending,20000,2026-02-13
